uprn,udprn,change_type,state,state_date,class,parent_uprn,x_coordinate,y_coordinate,latitude,longitude,rpc,local_custodian_code,country,la_start_date,last_update_date,entry_date,rm_organisation_name,la_organisation,department_name,legal_name,sub_building_name,building_name,building_number,sao_start_number,sao_start_suffix,sao_end_number,sao_end_suffix,sao_text,alt_language_sao_text,pao_start_number,pao_start_suffix,pao_end_number,pao_end_suffix,pao_text,alt_language_pao_text,usrn,usrn_match_indicator,area_name,level,official_flag,os_address_toid,os_address_toid_version,os_roadlink_toid,os_roadlink_toid_version,os_topo_toid,os_topo_toid_version,voa_ct_record,voa_ndr_record,street_description,alt_language_street_description,dependent_thoroughfare,thoroughfare,welsh_dependent_thoroughfare,welsh_thoroughfare,double_dependent_locality,dependent_locality,locality,welsh_dependent_locality,welsh_double_dependent_locality,town_name,administrative_area,post_town,welsh_post_town,postcode,postcode_locator,postcode_type,delivery_point_suffix,addressbase_postal,po_box_number,ward_code,parish_code,rm_start_date,multi_occ_count,voa_ndr_p_desc_code,voa_ndr_scat_code,alt_language
10024854099,,,,,CU01,,,,,,,,,,04/02/2020,,,,,,,,,,,,,,,,,,,"ELECTRICITY SUB STATION 5M FROM VICTORIA STREET MEDICAL GROUP, 7 VICTORIA STREET. ON THIST",,,,,,,,,,,,,,,THISTLE PLACE,,,,,,,,,,,ABERDEEN,,,,,AB10 1YD,,,,,,,,,,,
10024854101,,,,,CU01,,,,,,,,,,04/02/2020,,,,,,,,,,,,,,,,,,,ELECTRICITY SUB STATION 15M FROM 62 CAIRN WYND. 6M FROM UNNAMED ROAD,,,,,,,,,,,,,,,A96T INVERURIE BYPASS - BLACKHALL ROUNDABOUT TO C120C AT DRIMMIES,,,,,,,,,,,INVERURIE,,,,,AB51 5HQ,,,,,,,,,,,
10024854103,,,,,LW02,,,,,,,,,,04/02/2020,,,,,,,,,,,,,,,,,,,POND 302M FROM NORDALE HOUSE 37M FROM UNNAMED ROAD,,,,,,,,,,,,,,,MP39 CRAIGSTON BURN TO U4S AT SLACKADALE,,,,,,,,,,,TURRIFF,,,,,AB53 5RL,,,,,,,,,,,
10024854105,,,,,LW02IW,,,,,,,,,,04/02/2020,,,,,,,,,,,,,,,,,,,POND 29M FROM AUCHENTEN HOUSE 5M FROM UNNAMED ROAD,,,,,,,,,,,,,,,MP154 A90T AT STRATHEND CROFT SOUTH VIA HILL OF ARDIFFERY TO HILLHEAD OF AUCHENTEN,,,,,,,,,,,HATTON,,,,,AB42 0TA,,,,,,,,,,,
10024854107,,,,,CU01,,,,,,,,,,04/02/2020,,,,,,,,,,,,,,,,,,,"ELECTRICITY SUB STATION AT ABOYNE FISH & CHIPS, UNIT 7-8 STATION SQUARE.",,,,,,,,,,,,,,,ROAD STATION SQUARE SOUTHWARDS TOWARDS HUNTLY MEWS,,,,,,,,,,,ABOYNE,,,,,AB34 5HX,,,,,,,,,,,
10024854109,,,,,CU01,,,,,,,,,,04/02/2020,,,,,,,,,,,,,,,,,,,ELECTRICITY SUB STATION 310M FROM BACKHILL OF BALQUHINDACHY 16M FROM UNNAMED ROAD,,,,,,,,,,,,,,,U119B B9170 AT CAIRNORRIE SCHOOL TO BALQUHINDACHY ROAD JUNCTION,,,,,,,,,,,METHLICK,,,,,AB41 7DB,,,,,,,,,,,
10024854111,,,,,LW02IW,,,,,,,,,,04/02/2020,,,,,,,,,,,,,,,,,,,POND 33M FROM DOWNIES 47M FROM UNNAMED ROAD,,,,,,,,,,,,,,,B9024 U23S AT MILNBANK TO B9001 AT GLEN DRONACH,,,,,,,,,,,TURRIFF,,,,,AB54 6DJ,,,,,,,,,,,
10024854113,,,,,CU11,,,,,,,,,,04/02/2020,,,,,,,,,,,,,,,,,,,PUBLIC TELEPHONES 5M FROM UNIT 1 DRUMMERS CORNER. 5M FROM UNNAMED ROAD,,,,,,,,,,,,,,,THISTLE STREET,,,,,,,,,,,PETERHEAD,,,,,AB42 1ZP,,,,,,,,,,,
10024854115,,,,,CU01,,,,,,,,,,04/02/2020,,,,,,,,,,,,,,,,,,,ELECTRICITY SUB STATION 135M FROM HYDRASUN MOSS ROAD. 7M FROM UNNAMED ROAD,,,,,,,,,,,,,,,MOSS ROAD,,,,,,,,,,,ABERDEEN,,,,,AB12 3GW,,,,,,,,,,,
10024854117,,,,,LW02IW,,,,,,,,,,04/02/2020,,,,,,,,,,,,,,,,,,,PONDS 159M FROM LOWER WANFORD 9M FROM UNNAMED ROAD,,,,,,,,,,,,,,,U89BL C38L AT MONCOFFER CROFTS TO MAINS OF MONTCOFFER,,,,,,,,,,,BANFF,,,,,AB45 3LJ,,,,,,,,,,,
10024854119,,,,,LW02IW,,,,,,,,,,04/02/2020,,,,,,,,,,,,,,,,,,,POND 68M FROM BANKHEAD 20M FROM UNNAMED ROAD,,,,,,,,,,,,,,,U74S C56S AT PERCYLIEU VIA GARTNACK HILL TO C75S AT COTTOWN NEAR RHYNIE,,,,,,,,,,,HUNTLY,,,,,AB54 4PD,,,,,,,,,,,
10024854121,,,,,CU01,,,,,,,,,,04/02/2020,,,,,,,,,,,,,,,,,,,ELECTRICITY SUB STATION 34M FROM 129 NORTH DEESIDE ROAD. 9M FROM BINGHILL ROAD,,,,,,,,,,,,,,,BINGHILL ROAD,,,,,,,,,,,ABERDEEN,,,,,AB13 0HF,,,,,,,,,,,
10024854123,,,,,PS,,,,,,,,,,04/02/2020,,,,,,,,,,,,,,,,,,,STREET RECORD,,,,,,,,,,,,,,,PICKWOOD ROAD,,,,,,,,,,,LEEK,,,,,ST13 5JE,,,,,,,,,,,
10024854125,,,,,PS,,,,,,,,,,04/02/2020,,,,,,,,,,,,,,,,,,,STREET RECORD,,,,,,,,,,,,,,,GORDON AVENUE,,,,,,,,,,,CHEADLE,,,,,ST10 1PU,,,,,,,,,,,
10024854127,,,,,CI03,,,,,,,,,,04/02/2020,,,,,,,,,,,,,,,,,,,BLYTHE PARK,,,,,,,,,,,,,,,CRESSWELL LANE,,,,,,,,,,,CRESSWELL,,,,,ST11 9RD,,,,,,,,,,,
10024854129,,,,,RD04,,,,,,,,,,04/02/2020,,,,,,,,,,,,,,,,,,,LITTLETON MEWS,,,,,,,,,,,,,,,CLAY STREET,,,,,,,,,,,PENKRIDGE,,,,,ST19 5AF,,,,,,,,,,,
10024854131,,,,,RD06,,,,,,,,,,04/02/2020,,,,,,,,,,,,,,,,,,,WALHOUSE PLACE,,,,,,,,,,,,,,,CLAY STREET,,,,,,,,,,,PENKRIDGE,,,,,ST19 5FB,,,,,,,,,,,
10024854133,,,,,RD04,,,,,,,,,,04/02/2020,,,,,,,,,,,,,,,,,,,,,,,,,,,,,,,,,,ELLIOTT STREET,,,,,,,,,,,NEWCASTLE UNDER LYME,,,,,ST5 1JL,,,,,,,,,,,
10024854135,,,,,RD02,,,,,,,,,,04/02/2020,,,,,,,,,,,,,,,,,,,BEECH HILL,,,,,,,,,,,,,,,BUTTHOUSE LANE,,,,,,,,,,,STAFFORD,,,,,ST21 6RE,,,,,,,,,,,
10024854137,,,,,RD02,,,,,,,,,,04/02/2020,,,,,,,,,,,,,,,,,,,,,,,,,,,,,,,,,,COWAN DRIVE,,,,,,,,,,,STAFFORD,,,,,ST16 3FA,,,,,,,,,,,
10024854139,,,,,RD02,,,,,,,,,,04/02/2020,,,,,,,,,,,,,,,,,,,PENNYCROFTS,,,,,,,,,,,,,,,BUTT LANE,,,,,,,,,,,STAFFORD,,,,,ST18 9JZ,,,,,,,,,,,
10024854141,,,,,RD02,,,,,,,,,,04/02/2020,,,,,,,,,,,,,,,,,,,THE LILACS,,,,,,,,,,,,,,,SHALLOWFORD LANE,,,,,,,,,,,STONE,,,,,ST15 0NZ,,,,,,,,,,,
10024854143,,,,,PP,,,,,,,,,,04/02/2020,,,,,,,,,,,,,,,,,,,CHARTLEY MANOR MEWS,,,,,,,,,,,,,,,UTTOXETER ROAD,,,,,,,,,,,STAFFORD,,,,,ST18 0LL,,,,,,,,,,,
10024854145,,,,,RD04,,,,,,,,,,04/02/2020,,,,,,,,,,,,,,,,,,,,,,,,,,,,,,,,,,MARKET FIELDS,,,,,,,,,,,STAFFORD,,,,,ST21 6LA,,,,,,,,,,,
10024854147,,,,,RD,,,,,,,,,,04/02/2020,,,,,,,,,,,,,,,,,,,,,,,,,,,,,,,,,,CAULDON AVENUE,,,,,,,,,,,NEWCASTLE UNDER LYME,,,,,ST5 8QF,,,,,,,,,,,
10024854149,,,,,RH02,,,,,,,,,,04/02/2020,,,,,,,,,,,,,,,,,,,,,,,,,,,,,,,,,,STOCKWOOD ROAD,,,,,,,,,,,NEWCASTLE UNDER LYME,,,,,ST5 3LQ,,,,,,,,,,,
10024854151,,,,,RD03,,,,,,,,,,04/02/2020,,,,,,,,,,,,,,,,,,,,,,,,,,,,,,,,,,VERNON AVENUE,,,,,,,,,,,NEWCASTLE UNDER LYME,,,,,ST7 8EF,,,,,,,,,,,
10024854153,,,,,RD03,,,,,,,,,,04/02/2020,,,,,,,,,,,,,,,,,,,,,,,,,,,,,,,,,,SANDY LANE,,,,,,,,,,,STAFFORD,,,,,ST21 6SF,,,,,,,,,,,
10024854155,,,,,RD03,,,,,,,,,,04/02/2020,,,,,,,,,,,,,,,,,,,,,,,,,,,,,,,,,,HARBORNE ROAD,,,,,,,,,,,CHEADLE,,,,,ST10 1JY,,,,,,,,,,,
10024854157,,,,,RD03,,,,,,,,,,04/02/2020,,,,,,,,,,,,,,,,,,,,,,,,,,,,,,,,,,BRIDGWOOD ROAD,,,,,,,,,,,BLYTHE BRIDGE,,,,,ST11 9PR,,,,,,,,,,,
10024854159,,,,,RD03,,,,,,,,,,04/02/2020,,,,,,,,,,,,,,,,,,,,,,,,,,,,,,,,,,RADFORD BANK,,,,,,,,,,,STAFFORD,,,,,ST17 4PJ,,,,,,,,,,,
10024854161,,,,,RD04,,,,,,,,,,04/02/2020,,,,,,,,,,,,,,,,,,,,,,,,,,,,,,,,,,MEADOWBROOK COURT,,,,,,,,,,,STONE,,,,,ST15 8LX,,,,,,,,,,,
10024854163,,,,,RD03,,,,,,,,,,04/02/2020,,,,,,,,,,,,,,,,,,,,,,,,,,,,,,,,,,LEEK ROAD,,,,,,,,,,,CHEADLE,,,,,ST10 1JH,,,,,,,,,,,
10024854165,,,,,RD03,,,,,,,,,,04/02/2020,,,,,,,,,,,,,,,,,,,,,,,,,,,,,,,,,,WILLOWS DRIVE,,,,,,,,,,,MEIR HEATH,,,,,ST3 7LZ,,,,,,,,,,,
10024854167,,,,,RD03,,,,,,,,,,04/02/2020,,,,,,,,,,,,,,,,,,,,,,,,,,,,,,,,,,VICARAGE WAY,,,,,,,,,,,HIXON,,,,,ST18 0FT,,,,,,,,,,,
10024854169,,,,,RD02,,,,,,,,,,04/02/2020,,,,,,,,,,,,,,,,,,,,,,,,,,,,,,,,,,THE RIDGEWAY,,,,,,,,,,,STAFFORD,,,,,ST16 1XP,,,,,,,,,,,
10024854171,,,,,RD02,,,,,,,,,,04/02/2020,,,,,,,,,,,,,,,,,,,,,,,,,,,,,,,,,,VIRGINIA AVENUE,,,,,,,,,,,STAFFORD,,,,,ST17 4YA,,,,,,,,,,,
10024854173,,,,,RD06,,,,,,,,,,04/02/2020,,,,,,,,,,,,,,,,,,,,,,,,,,,,,,,,,,CHESTNUT DRIVE,,,,,,,,,,,STONE,,,,,ST15 0XN,,,,,,,,,,,
10024854175,,,,,RD04,,,,,,,,,,04/02/2020,,,,,,,,,,,,,,,,,,,,,,,,,,,,,,,,,,MEADOWSIDE,,,,,,,,,,,STOKE ON TRENT,,,,,ST11 9QX,,,,,,,,,,,
10024854177,,,,,RD,,,,,,,,,,04/02/2020,,,,,,,,,,,,,,,,,,,HAYWOOD HOUSE,,,,,,,,,,,,,,,MAIN ROAD,,,,,,,,,,,STAFFORD,,,,,ST18 0SW,,,,,,,,,,,
10024854179,,,,,RD04,,,,,,,,,,04/02/2020,,,,,,,,,,,,,,,,,,,,,,,,,,,,,,,,,,COPPICE CLOSE,,,,,,,,,,,STONE,,,,,ST15 8BN,,,,,,,,,,,
10024854181,,,,,CO01,,,,,,,,,,04/02/2020,,,,,,,,,,,,,,,,,,,BUSINESS INNOVATION CENTRE,,,,,,,,,,,,,,,MORSE CLOSE,,,,,,,,,,,STAFFORD,,,,,ST18 0AR,,,,,,,,,,,
10024854183,,,,,RD04,,,,,,,,,,04/02/2020,,,,,,,,,,,,,,,,,,,THE COACH HOUSES,,,,,,,,,,,,,,,BURSTON LANE,,,,,,,,,,,STAFFORD,,,,,ST18 0DS,,,,,,,,,,,
10024854185,,,,,CR08,,,,,,,,,,04/02/2020,,,,,,,,,,,,,,,,,,,,,,,,,,,,,,,,,,ST EDWARD STREET,,,,,,,,,,,LEEK,,,,,ST13 5DL,,,,,,,,,,,
10024854187,,,,,RD03,,,,,,,,,,04/02/2020,,,,,,,,,,,,,,,,,,,BENNACHIE,,,,,,,,,,,,,,,BACK LANE,,,,,,,,,,,CALTON,,,,,ST10 3JX,,,,,,,,,,,
10024854189,,,,,RD02,,,,,,,,,,04/02/2020,,,,,,,,,,,,,,,,,,,,,,,,,,,,,,,,,,SCHOOL LANE,,,,,,,,,,,CAVERSWALL,,,,,ST11 9EN,,,,,,,,,,,
10024854191,,,,,ZW99CH,,,,,,,,,,04/02/2020,,,,,,,,,,,,,,,,,,,ST MARYS ROMAN CATHOLIC CHURCH,,,,,,,,,,,,,,,COMPTON,,,,,,,,,,,LEEK,,,,,ST13 5NH,,,,,,,,,,,
10024854193,,,,,RD02,,,,,,,,,,04/02/2020,,,,,,,,,,,,,,,,,,,HIGGINS HILL BUNGALOW,,,,,,,,,,,,,,,BASFORD VIEW,,,,,,,,,,,CHEDDLETON,,,,,ST13 7HJ,,,,,,,,,,,
10024854195,,,,,RD03,,,,,,,,,,04/02/2020,,,,,,,,,,,,,,,,,,,,,,,,,,,,,,,,,,MOW LANE,,,,,,,,,,,GILLOW HEATH,,,,,ST8 6QB,,,,,,,,,,,
10024854197,,,,,RD02,,,,,,,,,,04/02/2020,,,,,,,,,,,,,,,,,,,,,,,,,,,,,,,,,,ASH BANK ROAD,,,,,,,,,,,WERRINGTON,,,,,ST2 9EE,,,,,,,,,,,
10024854199,,,,,RD04,,,,,,,,,,04/02/2020,,,,,,,,,,,,,,,,,,,,,,,,,,,,,,,,,,KINGSLEY ROAD,,,,,,,,,,,SOUTHSEA,,,,,PO4 8HL,,,,,,,,,,,
10024854201,,,,,RD,,,,,,,,,,04/02/2020,,,,,,,,,,,,,,,,,,,,,,,,,,,,,,,,,,ST SAVIOURS ROAD,,,,,,,,,,,TOTLAND,,,,,PO39 0EZ,,,,,,,,,,,
10024854203,,,,,RD04,,,,,,,,,,04/02/2020,,,,,,,,,,,,,,,,,,,,,,,,,,,,,,,,,,HUNTER ROAD,,,,,,,,,,,SOUTHSEA,,,,,PO4 9DL,,,,,,,,,,,
10024854205,,,,,RD03,,,,,,,,,,04/02/2020,,,,,,,,,,,,,,,,,,,,,,,,,,,,,,,,,,PORTSDOWN AVENUE,,,,,,,,,,,PORTSMOUTH,,,,,PO6 1EL,,,,,,,,,,,
10024854207,,,,,RD06,,,,,,,,,,04/02/2020,,,,,,,,,,,,,,,,,,,OYSTER QUAY,,,,,,,,,,,,,,,PORT WAY,,,,,,,,,,,PORTSMOUTH,,,,,PO6 4TQ,,,,,,,,,,,
10024854209,,,,,RD,,,,,,,,,,04/02/2020,,,,,,,,,,,,,,,,,,,,,,,,,,,,,,,,,,LOCARNO ROAD,,,,,,,,,,,PORTSMOUTH,,,,,PO3 5DG,,,,,,,,,,,
10024854211,,,,,RG02,,,,,,,,,,04/02/2020,,,,,,,,,,,,,,,,,,,KNIGHTSTONE COURT,,,,,,,,,,,,,,,THE RIDINGS,,,,,,,,,,,PORTSMOUTH,,,,,PO2 0UU,,,,,,,,,,,
10024854213,,,,,RD04,,,,,,,,,,04/02/2020,,,,,,,,,,,,,,,,,,,,,,,,,,,,,,,,,,ABBEYDORE ROAD,,,,,,,,,,,PORTSMOUTH,,,,,PO6 4AH,,,,,,,,,,,
10024854215,,,,,RD04,,,,,,,,,,04/02/2020,,,,,,,,,,,,,,,,,,,,,,,,,,,,,,,,,,BAFFINS ROAD,,,,,,,,,,,PORTSMOUTH,,,,,PO3 6BQ,,,,,,,,,,,
10024854217,,,,,RD04,,,,,,,,,,04/02/2020,,,,,,,,,,,,,,,,,,,,,,,,,,,,,,,,,,ALDSWORTH CLOSE,,,,,,,,,,,PORTSMOUTH,,,,,PO6 1QR,,,,,,,,,,,
10024854219,,,,,RD06,,,,,,,,,,04/02/2020,,,,,,,,,,,,,,,,,,,,,,,,,,,,,,,,,,SHAFTESBURY ROAD,,,,,,,,,,,SOUTHSEA,,,,,PO5 3JP,,,,,,,,,,,
10024854221,,,,,PS,,,,,,,,,,04/02/2020,,,,,,,,,,,,,,,,,,,STREET RECORD,,,,,,,,,,,,,,,EVESHAM WALK,,,,,,,,,,,LONDON,,,,,SW9 6PE,,,,,,,,,,,
10024854223,,,,,RD04,,,,,,,,,,04/02/2020,,,,,,,,,,,,,,,,,,,,,,,,,,,,,,,,,,MAFEKING ROAD,,,,,,,,,,,SOUTHSEA,,,,,PO4 9BG,,,,,,,,,,,
10024854225,,,,,RD04,,,,,,,,,,04/02/2020,,,,,,,,,,,,,,,,,,,,,,,,,,,,,,,,,,MERRIVALE ROAD,,,,,,,,,,,PORTSMOUTH,,,,,PO2 0TJ,,,,,,,,,,,
10024854227,,,,,RD04,,,,,,,,,,04/02/2020,,,,,,,,,,,,,,,,,,,,,,,,,,,,,,,,,,BELL ROAD,,,,,,,,,,,PORTSMOUTH,,,,,PO6 3NX,,,,,,,,,,,
10024854229,,,,,RD06,,,,,,,,,,04/02/2020,,,,,,,,,,,,,,,,,,,,,,,,,,,,,,,,,,MUREFIELD ROAD,,,,,,,,,,,PORTSMOUTH,,,,,PO1 1PB,,,,,,,,,,,
10024854231,,,,,RD04,,,,,,,,,,04/02/2020,,,,,,,,,,,,,,,,,,,,,,,,,,,,,,,,,,MANNERS ROAD,,,,,,,,,,,SOUTHSEA,,,,,PO4 0BD,,,,,,,,,,,
10024854233,,,,,RD04,,,,,,,,,,04/02/2020,,,,,,,,,,,,,,,,,,,,,,,,,,,,,,,,,,SUFFOLK ROAD,,,,,,,,,,,SOUTHSEA,,,,,PO4 8EJ,,,,,,,,,,,
10024854235,,,,,RC01,,,,,,,,,,04/02/2020,,,,,,,,,,,,,,,,,,,HARDSTANDING 5,,,,,,,,,,,,,,,NEWCOMEN ROAD,,,,,,,,,,,PORTSMOUTH,,,,,PO2 8EJ,,,,,,,,,,,
10024854237,,,,,RD06,,,,,,,,,,04/02/2020,,,,,,,,,,,,,,,,,,,LINGFIELD COURT,,,,,,,,,,,,,,,BLOUNT ROAD,,,,,,,,,,,PORTSMOUTH,,,,,PO1 2TB,,,,,,,,,,,
10024854239,,,,,RD06,,,,,,,,,,04/02/2020,,,,,,,,,,,,,,,,,,,,,,,,,,,,,,,,,,WADHAM ROAD,,,,,,,,,,,PORTSMOUTH,,,,,PO2 9EE,,,,,,,,,,,
10024854241,,,,,RD04,,,,,,,,,,04/02/2020,,,,,,,,,,,,,,,,,,,,,,,,,,,,,,,,,,WALMER ROAD,,,,,,,,,,,PORTSMOUTH,,,,,PO1 5AT,,,,,,,,,,,
10024854243,,,,,RD06,,,,,,,,,,04/02/2020,,,,,,,,,,,,,,,,,,,,,,,,,,,,,,,,,,WAVERLEY ROAD,,,,,,,,,,,SOUTHSEA,,,,,PO5 2PW,,,,,,,,,,,
10024854245,,,,,CO01,,,,,,,,,,04/02/2020,,,,,,,,,,,,,,,,,,,QUAY POINT,,,,,,,,,,,,,,,NORTHARBOUR ROAD,,,,,,,,,,,PORTSMOUTH,,,,,PO6 3TD,,,,,,,,,,,
10024854247,,,,,RD04,,,,,,,,,,04/02/2020,,,,,,,,,,,,,,,,,,,,,,,,,,,,,,,,,,CLYDEBANK ROAD,,,,,,,,,,,PORTSMOUTH,,,,,PO2 7QG,,,,,,,,,,,
10024854249,,,,,RD04,,,,,,,,,,04/02/2020,,,,,,,,,,,,,,,,,,,,,,,,,,,,,,,,,,QUEENS ROAD,,,,,,,,,,,PORTSMOUTH,,,,,PO2 7LY,,,,,,,,,,,
10024854251,,,,,RD04,,,,,,,,,,04/02/2020,,,,,,,,,,,,,,,,,,,,,,,,,,,,,,,,,,ORCHARD ROAD,,,,,,,,,,,SOUTHSEA,,,,,PO4 0AB,,,,,,,,,,,
10024854253,,,,,RD06,,,,,,,,,,04/02/2020,,,,,,,,,,,,,,,,,,,,,,,,,,,,,,,,,,THE RETREAT,,,,,,,,,,,SOUTHSEA,,,,,PO5 3DU,,,,,,,,,,,
10024854255,,,,,RD04,,,,,,,,,,04/02/2020,,,,,,,,,,,,,,,,,,,,,,,,,,,,,,,,,,ROCHESTER ROAD,,,,,,,,,,,SOUTHSEA,,,,,PO4 9BA,,,,,,,,,,,
10024854257,,,,,RD04,,,,,,,,,,04/02/2020,,,,,,,,,,,,,,,,,,,,,,,,,,,,,,,,,,SAMUEL ROAD,,,,,,,,,,,PORTSMOUTH,,,,,PO1 5PZ,,,,,,,,,,,
10024854259,,,,,RD04,,,,,,,,,,04/02/2020,,,,,,,,,,,,,,,,,,,,,,,,,,,,,,,,,,ST PIRANS AVENUE,,,,,,,,,,,PORTSMOUTH,,,,,PO3 6JE,,,,,,,,,,,
10024854261,,,,,RD04,,,,,,,,,,04/02/2020,,,,,,,,,,,,,,,,,,,,,,,,,,,,,,,,,,CENTURION GATE,,,,,,,,,,,SOUTHSEA,,,,,PO4 9TF,,,,,,,,,,,
10024854263,,,,,RD04,,,,,,,,,,04/02/2020,,,,,,,,,,,,,,,,,,,,,,,,,,,,,,,,,,RICHMOND TERRACE,,,,,,,,,,,SOUTHSEA,,,,,PO5 3NE,,,,,,,,,,,
10024854265,,,,,RD04,,,,,,,,,,04/02/2020,,,,,,,,,,,,,,,,,,,,,,,,,,,,,,,,,,DEVONSHIRE AVENUE,,,,,,,,,,,SOUTHSEA,,,,,PO4 9EQ,,,,,,,,,,,
10024854267,,,,,CI01,,,,,,,,,,04/02/2020,,,,,,,,,,,,,,,,,,,ENTERPRISE CENTRE,,,,,,,,,,,,,,,QUARTREMAINE ROAD,,,,,,,,,,,PORTSMOUTH,,,,,PO3 5QT,,,,,,,,,,,
10024854269,,,,,RG02,,,,,,,,,,04/02/2020,,,,,,,,,,,,,,,,,,,GARAGE 3,,,,,,,,,,,,,,,STATION ROAD,,,,,,,,,,,PORTSMOUTH,,,,,PO3 5BG,,,,,,,,,,,
10024854271,,,,,RD04,,,,,,,,,,04/02/2020,,,,,,,,,,,,,,,,,,,,,,,,,,,,,,,,,,EMPSHOTT ROAD,,,,,,,,,,,SOUTHSEA,,,,,PO4 8BY,,,,,,,,,,,
10024854273,,,,,RD04,,,,,,,,,,04/02/2020,,,,,,,,,,,,,,,,,,,,,,,,,,,,,,,,,,TALBOT ROAD,,,,,,,,,,,SOUTHSEA,,,,,PO4 0HD,,,,,,,,,,,
10024854275,,,,,RD04,,,,,,,,,,04/02/2020,,,,,,,,,,,,,,,,,,,,,,,,,,,,,,,,,,TARGET ROAD,,,,,,,,,,,PORTSMOUTH,,,,,PO2 8QT,,,,,,,,,,,
10024854277,,,,,PP,,,,,,,,,,04/02/2020,,,,,,,,,,,,,,,,,,,,,,,,,,,,,,,,,,MERTON ROAD,,,,,,,,,,,SOUTHSEA,,,,,PO5 2AF,,,,,,,,,,,
10024854279,,,,,RD06,,,,,,,,,,04/02/2020,,,,,,,,,,,,,,,,,,,BELHAM APARTMENTS,,,,,,,,,,,,,,,MONTAGUE ROAD,,,,,,,,,,,PORTSMOUTH,,,,,PO2 0NE,,,,,,,,,,,
10024854281,,,,,RD04,,,,,,,,,,04/02/2020,,,,,,,,,,,,,,,,,,,,,,,,,,,,,,,,,,EDGEWARE ROAD,,,,,,,,,,,SOUTHSEA,,,,,PO4 8PS,,,,,,,,,,,
10024854283,,,,,RD,,,,,,,,,,04/02/2020,,,,,,,,,,,,,,,,,,,,,,,,,,,,,,,,,,WAVERLEY ROAD,,,,,,,,,,,SOUTHSEA,,,,,PO5 2PH,,,,,,,,,,,
10024854285,,,,,PP,,,,,,,,,,04/02/2020,,,,,,,,,,,,,,,,,,,OJS INDUSTRIAL PARK,,,,,,,,,,,,,,,CLAYBANK ROAD,,,,,,,,,,,PORTSMOUTH,,,,,PO3 5SX,,,,,,,,,,,
10024854287,,,,,RD04,,,,,,,,,,04/02/2020,,,,,,,,,,,,,,,,,,,,,,,,,,,,,,,,,,TWYFORD AVENUE,,,,,,,,,,,PORTSMOUTH,,,,,PO2 8HU,,,,,,,,,,,
10024854289,,,,,RD03,,,,,,,,,,04/02/2020,,,,,,,,,,,,,,,,,,,,,,,,,,,,,,,,,,MILTON ROAD,,,,,,,,,,,PORTSMOUTH,,,,,PO3 6AN,,,,,,,,,,,
10024854291,,,,,RD06,,,,,,,,,,04/02/2020,,,,,,,,,,,,,,,,,,,HALE COURT,,,,,,,,,,,,,,,FRATTON ROAD,,,,,,,,,,,PORTSMOUTH,,,,,PO1 5JU,,,,,,,,,,,
10024854293,,,,,CR08,,,,,,,,,,04/02/2020,,,,,,,,,,,,,,,,,,,,,,,,,,,,,,,,,,WINTER ROAD,,,,,,,,,,,SOUTHSEA,,,,,PO4 8DR,,,,,,,,,,,
10024854295,,,,,RD04,,,,,,,,,,04/02/2020,,,,,,,,,,,,,,,,,,,,,,,,,,,,,,,,,,HARLESTON ROAD,,,,,,,,,,,PORTSMOUTH,,,,,PO6 3RS,,,,,,,,,,,
10024854297,,,,,RD04,,,,,,,,,,04/02/2020,,,,,,,,,,,,,,,,,,,,,,,,,,,,,,,,,,WESTOVER ROAD,,,,,,,,,,,PORTSMOUTH,,,,,PO3 6NR,,,,,,,,,,,
10024854299,,,,,RD06,,,,,,,,,,04/02/2020,,,,,,,,,,,,,,,,,,,GROSVENOR HOUSE,,,,,,,,,,,,,,,GROSVENOR STREET,,,,,,,,,,,SOUTHSEA,,,,,PO5 4JQ,,,,,,,,,,,
10024854301,,,,,RD06,,,,,,,,,,04/02/2020,,,,,,,,,,,,,,,,,,,RICHMOND HOUSE,,,,,,,,,,,,,,,BONFIRE CORNER,,,,,,,,,,,PORTSMOUTH,,,,,PO1 3FN,,,,,,,,,,,
10024854303,,,,,RD04,,,,,,,,,,04/02/2020,,,,,,,,,,,,,,,,,,,,,,,,,,,,,,,,,,WOODVILLE DRIVE,,,,,,,,,,,PORTSMOUTH,,,,,PO1 2TQ,,,,,,,,,,,
10024854305,,,,,PS,,,,,,,,,,04/02/2020,,,,,,,,,,,,,,,,,,,STREET RECORD,,,,,,,,,,,,,,,CHESTNUT AVENUE,,,,,,,,,,,SOUTHSEA,,,,,PO4 8AA,,,,,,,,,,,
10024854307,,,,,RD04,,,,,,,,,,04/02/2020,,,,,,,,,,,,,,,,,,,SEA BREEZE GARDENS,,,,,,,,,,,,,,,HENDERSON ROAD,,,,,,,,,,,SOUTHSEA,,,,,PO4 9GB,,,,,,,,,,,
10024854309,,,,,RD03,,,,,,,,,,04/02/2020,,,,,,,,,,,,,,,,,,,,,,,,,,,,,,,,,,JUBILEE AVENUE,,,,,,,,,,,PORTSMOUTH,,,,,PO6 4QN,,,,,,,,,,,
10024854311,,,,,RD06,,,,,,,,,,04/02/2020,,,,,,,,,,,,,,,,,,,,,,,,,,,,,,,,,,FAWCETT ROAD,,,,,,,,,,,SOUTHSEA,,,,,PO4 0DW,,,,,,,,,,,
10024854313,,,,,PS,,,,,,,,,,04/02/2020,,,,,,,,,,,,,,,,,,,STREET RECORD,,,,,,,,,,,,,,,HATHERLEY ROAD FOOTPATH LEADING TO REAR OF 9-11,,,,,,,,,,,PORTSMOUTH,,,,,PO6 4DT,,,,,,,,,,,
10024854315,,,,,RD04,,,,,,,,,,04/02/2020,,,,,,,,,,,,,,,,,,,,,,,,,,,,,,,,,,LANGSTONE ROAD,,,,,,,,,,,PORTSMOUTH,,,,,PO3 6BX,,,,,,,,,,,
10024854317,,,,,RD04,,,,,,,,,,04/02/2020,,,,,,,,,,,,,,,,,,,,,,,,,,,,,,,,,,LAWSON ROAD,,,,,,,,,,,SOUTHSEA,,,,,PO5 1SD,,,,,,,,,,,
10024854319,,,,,RD06,,,,,,,,,,04/02/2020,,,,,,,,,,,,,,,,,,,,,,,,,,,,,,,,,,ST MARYS ROAD,,,,,,,,,,,PORTSMOUTH,,,,,PO1 5PH,,,,,,,,,,,
10024854321,,,,,RD04,,,,,,,,,,04/02/2020,,,,,,,,,,,,,,,,,,,,,,,,,,,,,,,,,,SHOREHAVEN,,,,,,,,,,,PORTSMOUTH,,,,,PO6 4RU,,,,,,,,,,,
10024854323,,,,,RC01,,,,,,,,,,04/02/2020,,,,,,,,,,,,,,,,,,,HARDSTANDING BY PARKING SPACES 1 TO 28,,,,,,,,,,,,,,,LORDS STREET,,,,,,,,,,,PORTSMOUTH,,,,,PO1 1QS,,,,,,,,,,,
10024854325,,,,,RH02,,,,,,,,,,04/02/2020,,,,,,,,,,,,,,,,,,,,,,,,,,,,,,,,,,MERTON ROAD,,,,,,,,,,,SOUTHSEA,,,,,PO5 2AQ,,,,,,,,,,,
10024854327,,,,,RD06,,,,,,,,,,04/02/2020,,,,,,,,,,,,,,,,,,,BRANDON COURT,,,,,,,,,,,,,,,LAWRENCE ROAD,,,,,,,,,,,SOUTHSEA,,,,,PO5 1PF,,,,,,,,,,,
10024854329,,,,,RD06,,,,,,,,,,04/02/2020,,,,,,,,,,,,,,,,,,,JACKSON COURT,,,,,,,,,,,,,,,KIRBY ROAD,,,,,,,,,,,PORTSMOUTH,,,,,PO2 9DY,,,,,,,,,,,
10024854331,,,,,PP,,,,,,,,,,04/02/2020,,,,,,,,,,,,,,,,,,,MAYVILLE APARTMENTS,,,,,,,,,,,,,,,WAVERLEY ROAD,,,,,,,,,,,SOUTHSEA,,,,,PO5 2TJ,,,,,,,,,,,
10024854333,,,,,RD06,,,,,,,,,,04/02/2020,,,,,,,,,,,,,,,,,,,,,,,,,,,,,,,,,,LAKE ROAD,,,,,,,,,,,PORTSMOUTH,,,,,PO1 4HA,,,,,,,,,,,
10024854335,,,,,RD06,,,,,,,,,,04/02/2020,,,,,,,,,,,,,,,,,,,KINGS APARTMENTS,,,,,,,,,,,,,,,HANWAY ROAD,,,,,,,,,,,PORTSMOUTH,,,,,PO2 7DW,,,,,,,,,,,
10024854337,,,,,PP,,,,,,,,,,04/02/2020,,,,,,,,,,,,,,,,,,,WALBERANT BUILDINGS,,,,,,,,,,,,,,,COPNOR ROAD,,,,,,,,,,,PORTSMOUTH,,,,,PO3 5LB,,,,,,,,,,,
10024854339,,,,,PS,,,,,,,,,,04/02/2020,,,,,,,,,,,,,,,,,,,STREET RECORD,,,,,,,,,,,,,,,PARLOUR WAY,,,,,,,,,,,PORTSMOUTH,,,,,PO6 1PU,,,,,,,,,,,
10024854341,,,,,RD06,,,,,,,,,,04/02/2020,,,,,,,,,,,,,,,,,,,TERENCE GARDENS,,,,,,,,,,,,,,,ST RONANS ROAD,,,,,,,,,,,SOUTHSEA,,,,,PO4 0PH,,,,,,,,,,,
10024854343,,,,,PS,,,,,,,,,,04/02/2020,,,,,,,,,,,,,,,,,,,STREET RECORD,,,,,,,,,,,,,,,LYNDHURST ROAD,,,,,,,,,,,PORTSMOUTH,,,,,PO2 0AJ,,,,,,,,,,,
10024854345,,,,,RD06,,,,,,,,,,04/02/2020,,,,,,,,,,,,,,,,,,,,,,,,,,,,,,,,,,CAVENDISH ROAD,,,,,,,,,,,SOUTHSEA,,,,,PO5 2DG,,,,,,,,,,,
10024854347,,,,,RD03,,,,,,,,,,04/02/2020,,,,,,,,,,,,,,,,,,,,,,,,,,,,,,,,,,MERRIVALE ROAD,,,,,,,,,,,PORTSMOUTH,,,,,PO2 0TH,,,,,,,,,,,
10024854349,,,,,RD06,,,,,,,,,,04/02/2020,,,,,,,,,,,,,,,,,,,,,,,,,,,,,,,,,,LONDON ROAD,,,,,,,,,,,PORTSMOUTH,,,,,PO2 9JE,,,,,,,,,,,
10024854351,,,,,PS,,,,,,,,,,04/02/2020,,,,,,,,,,,,,,,,,,,STREET RECORD,,,,,,,,,,,,,,,NCR236,,,,,,,,,,,PORTSMOUTH,,,,,PO6 3PQ,,,,,,,,,,,
10024854353,,,,,RD,,,,,,,,,,04/02/2020,,,,,,,,,,,,,,,,,,,BROOMER FARM,,,,,,,,,,,,,,,LOCK LANE,,,,,,,,,,,BIRDHAM,,,,,PO20 7AX,,,,,,,,,,,
10024854355,,,,,RD06,,,,,,,,,,04/02/2020,,,,,,,,,,,,,,,,,,,,,,,,,,,,,,,,,,LAKE ROAD,,,,,,,,,,,PORTSMOUTH,,,,,PO1 4HA,,,,,,,,,,,
10024854357,,,,,RI03,,,,,,,,,,04/02/2020,,,,,,,,,,,,,,,,,,,UNITE CHAUCER,,,,,,,,,,,,,,,ISAMBARD BRUNEL ROAD,,,,,,,,,,,PORTSMOUTH,,,,,PO1 2GN,,,,,,,,,,,
10024854359,,,,,RG02,,,,,,,,,,04/02/2020,,,,,,,,,,,,,,,,,,,REAR OF,,,,,,,,,,,,,,,PADDOCK WALK,,,,,,,,,,,PORTSMOUTH,,,,,PO6 4RX,,,,,,,,,,,
10024854361,,,,,RD04,,,,,,,,,,04/02/2020,,,,,,,,,,,,,,,,,,,,,,,,,,,,,,,,,,RANELAGH ROAD,,,,,,,,,,,PORTSMOUTH,,,,,PO2 8EZ,,,,,,,,,,,
10024854363,,,,,RD04,,,,,,,,,,04/02/2020,,,,,,,,,,,,,,,,,,,,,,,,,,,,,,,,,,NORTHBROOK CLOSE,,,,,,,,,,,PORTSMOUTH,,,,,PO1 4LR,,,,,,,,,,,
10024854365,,,,,RD04,,,,,,,,,,04/02/2020,,,,,,,,,,,,,,,,,,,,,,,,,,,,,,,,,,PAULSGROVE ROAD,,,,,,,,,,,PORTSMOUTH,,,,,PO2 7HR,,,,,,,,,,,
10024854367,,,,,RG02,,,,,,,,,,04/02/2020,,,,,,,,,,,,,,,,,,,GARAGE 12,,,,,,,,,,,,,,,SOUTHSEA TERRACE,,,,,,,,,,,SOUTHSEA,,,,,PO5 3AU,,,,,,,,,,,
10024854369,,,,,RD06,,,,,,,,,,04/02/2020,,,,,,,,,,,,,,,,,,,PICTON HOUSE,,,,,,,,,,,,,,,ST JAMES'S ROAD,,,,,,,,,,,SOUTHSEA,,,,,PO5 4JD,,,,,,,,,,,
10024854371,,,,,RD06,,,,,,,,,,04/02/2020,,,,,,,,,,,,,,,,,,,WILMCOTE HOUSE,,,,,,,,,,,,,,,TYSELEY ROAD,,,,,,,,,,,SOUTHSEA,,,,,PO5 4NB,,,,,,,,,,,
10024854373,,,,,RD04,,,,,,,,,,04/02/2020,,,,,,,,,,,,,,,,,,,,,,,,,,,,,,,,,,SHELFORD ROAD,,,,,,,,,,,SOUTHSEA,,,,,PO4 8NT,,,,,,,,,,,
10024854375,,,,,RD04,,,,,,,,,,04/02/2020,,,,,,,,,,,,,,,,,,,,,,,,,,,,,,,,,,STATION ROAD,,,,,,,,,,,PORTSMOUTH,,,,,PO6 1PY,,,,,,,,,,,
10024854377,,,,,RD03,,,,,,,,,,04/02/2020,,,,,,,,,,,,,,,,,,,,,,,,,,,,,,,,,,TUDOR CRESCENT,,,,,,,,,,,PORTSMOUTH,,,,,PO6 2SR,,,,,,,,,,,
10024854379,,,,,CL08,,,,,,,,,,04/02/2020,,,,,,,,,,,,,,,,,,,FARLINGTON MARSHES,,,,,,,,,,,,,,,EASTERN ROAD,,,,,,,,,,,PORTSMOUTH,,,,,PO3 5LY,,,,,,,,,,,
10024854381,,,,,RD06,,,,,,,,,,04/02/2020,,,,,,,,,,,,,,,,,,,STAMPSEY COURT,,,,,,,,,,,,,,,WILSON ROAD,,,,,,,,,,,PORTSMOUTH,,,,,PO2 8TP,,,,,,,,,,,
10024854383,,,,,RD06,,,,,,,,,,04/02/2020,,,,,,,,,,,,,,,,,,,,,,,,,,,,,,,,,,ST DAVIDS ROAD,,,,,,,,,,,SOUTHSEA,,,,,PO5 1QN,,,,,,,,,,,
10024854385,,,,,RD06,,,,,,,,,,04/02/2020,,,,,,,,,,,,,,,,,,,TRAFALGAR HALL,,,,,,,,,,,,,,,MIDDLE STREET,,,,,,,,,,,SOUTHSEA,,,,,PO5 4AY,,,,,,,,,,,
10024854387,,,,,RD06,,,,,,,,,,04/02/2020,,,,,,,,,,,,,,,,,,,ROCK GARDEN APARTMENTS,,,,,,,,,,,,,,,CLARENCE ROAD,,,,,,,,,,,SOUTHSEA,,,,,PO5 2DN,,,,,,,,,,,
10024854389,,,,,PP,,,,,,,,,,04/02/2020,,,,,,,,,,,,,,,,,,,,,,,,,,,,,,,,,,KINGSTON ROAD,,,,,,,,,,,PORTSMOUTH,,,,,PO2 7DP,,,,,,,,,,,
10024854391,,,,,RD04,,,,,,,,,,04/02/2020,,,,,,,,,,,,,,,,,,,,,,,,,,,,,,,,,,KIRPAL ROAD,,,,,,,,,,,PORTSMOUTH,,,,,PO3 6FD,,,,,,,,,,,
10024854393,,,,,PP,,,,,,,,,,04/02/2020,,,,,,,,,,,,,,,,,,,,,,,,,,,,,,,,,,ST RONANS ROAD,,,,,,,,,,,SOUTHSEA,,,,,PO4 0PR,,,,,,,,,,,
10024854395,,,,,CR08,,,,,,,,,,04/02/2020,,,,,,,,,,,,,,,,,,,UNIT 100 AND UNIT 104,,,,,,,,,,,,,,,CASCADES,,,,,,,,,,,PORTSMOUTH,,,,,PO1 4RP,,,,,,,,,,,
10024854397,,,,,RI03,,,,,,,,,,04/02/2020,,,,,,,,,,,,,,,,,,,REES HALL,,,,,,,,,,,,,,,SOUTHSEA TERRACE,,,,,,,,,,,SOUTHSEA,,,,,PO5 3AP,,,,,,,,,,,
10024854399,,,,,RD06,,,,,,,,,,04/02/2020,,,,,,,,,,,,,,,,,,,,,,,,,,,,,,,,,,HELLYER ROAD,,,,,,,,,,,SOUTHSEA,,,,,PO4 9DH,,,,,,,,,,,
10024854401,,,,,RD06,,,,,,,,,,04/02/2020,,,,,,,,,,,,,,,,,,,,,,,,,,,,,,,,,,LONDON ROAD,,,,,,,,,,,PORTSMOUTH,,,,,PO2 9HH,,,,,,,,,,,
10024854403,,,,,RI03,,,,,,,,,,04/02/2020,,,,,,,,,,,,,,,,,,,,,,,,,,,,,,,,,,MIDDLE STREET,,,,,,,,,,,SOUTHSEA,,,,,PO5 4BG,,,,,,,,,,,
10024854405,,,,,RD04,,,,,,,,,,04/02/2020,,,,,,,,,,,,,,,,,,,,,,,,,,,,,,,,,,ALLIANCE WAY,,,,,,,,,,,PORTSMOUTH,,,,,PO3 6GR,,,,,,,,,,,
10024854407,,,,,RD06,,,,,,,,,,04/02/2020,,,,,,,,,,,,,,,,,,,ENTERPRISE HOUSE,,,,,,,,,,,,,,,ISAMBARD BRUNEL ROAD,,,,,,,,,,,PORTSMOUTH,,,,,PO1 2RW,,,,,,,,,,,
10024854409,,,,,CE03PS,,,,,,,,,,04/02/2020,,,,,,,,,,,,,,,,,,,ST MARYS ROMAN CATHOLIC SCHOOL,,,,,,,,,,,,,,,GLAMIS STREET,,,,,,,,,,,BOGNOR REGIS,,,,,PO21 1DJ,,,,,,,,,,,
10024854411,,,,,CT02,,,,,,,,,,04/02/2020,,,,,,,,,,,,,,,,,,,BUS SHELTER 4802 0033,,,,,,,,,,,,,,,CHICHESTER ROAD,,,,,,,,,,,BERSTED,,,,,PO21 5DR,,,,,,,,,,,
10024854413,,,,,RD02,,,,,,,,,,04/02/2020,,,,,,,,,,,,,,,,,,,,,,,,,,,,,,,,,,COLLINS CLOSE,,,,,,,,,,,EASTERGATE,,,,,PO20 3JT,,,,,,,,,,,
10024854415,,,,,RD02,,,,,,,,,,04/02/2020,,,,,,,,,,,,,,,,,,,THE CHAPEL,,,,,,,,,,,,,,,YAPTON ROAD,,,,,,,,,,,BARNHAM,,,,,PO22 0AW,,,,,,,,,,,
10024854417,,,,,RD03,,,,,,,,,,04/02/2020,,,,,,,,,,,,,,,,,,,,,,,,,,,,,,,,,,ALDWICK ROAD,,,,,,,,,,,ALDWICK,,,,,PO21 3QG,,,,,,,,,,,
10024854419,,,,,CI03,,,,,,,,,,04/02/2020,,,,,,,,,,,,,,,,,,,D S L SUPPLIES,,,,,,,,,,,,,,,ST MARGARETS LANE,,,,,,,,,,,FAREHAM,,,,,PO14 4BQ,,,,,,,,,,,
10024854421,,,,,RD06,,,,,,,,,,04/02/2020,,,,,,,,,,,,,,,,,,,CAROUSEL COURT,,,,,,,,,,,,,,,MERRION AVENUE,,,,,,,,,,,BOGNOR REGIS,,,,,PO22 9NB,,,,,,,,,,,
10024854423,,,,,RD06,,,,,,,,,,04/02/2020,,,,,,,,,,,,,,,,,,,,,,,,,,,,,,,,,,HAVELOCK ROAD,,,,,,,,,,,BOGNOR REGIS,,,,,PO21 2HB,,,,,,,,,,,
10024854425,,,,,CR08,,,,,,,,,,04/02/2020,,,,,,,,,,,,,,,,,,,,,,,,,,,,,,,,,,LONDON ROAD,,,,,,,,,,,BOGNOR REGIS,,,,,PO21 1DD,,,,,,,,,,,
10024854427,,,,,RD06,,,,,,,,,,04/02/2020,,,,,,,,,,,,,,,,,,,ASHLEY TERRACE,,,,,,,,,,,,,,,BEACONSFIELD ROAD,,,,,,,,,,,VENTNOR,,,,,PO38 1HT,,,,,,,,,,,
10024854429,,,,,CE04,,,,,,,,,,04/02/2020,,,,,,,,,,,,,,,,,,,HENRY CORT COMMUNITY COLLEGE,,,,,,,,,,,,,,,HENRY CORT DRIVE,,,,,,,,,,,FAREHAM,,,,,PO15 6PH,,,,,,,,,,,
10024854431,,,,,PS,,,,,,,,,,04/02/2020,,,,,,,,,,,,,,,,,,,STREET RECORD,,,,,,,,,,,,,,,RANSOME CLOSE,,,,,,,,,,,FAREHAM,,,,,PO14 4JD,,,,,,,,,,,
10024854433,,,,,CU06,,,,,,,,,,04/02/2020,,,,,,,,,,,,,,,,,,,CIVIC OFFICES,,,,,,,,,,,,,,,CIVIC WAY,,,,,,,,,,,FAREHAM,,,,,PO16 7DT,,,,,,,,,,,
10024854435,,,,,RD03,,,,,,,,,,04/02/2020,,,,,,,,,,,,,,,,,,,,,,,,,,,,,,,,,,CORNAWAY LANE,,,,,,,,,,,FAREHAM,,,,,PO16 9DD,,,,,,,,,,,
10024854437,,,,,CO01,,,,,,,,,,04/02/2020,,,,,,,,,,,,,,,,,,,PORTLAND CHAMBERS,,,,,,,,,,,,,,,WEST STREET,,,,,,,,,,,FAREHAM,,,,,PO16 0JR,,,,,,,,,,,
10024854439,,,,,CT02,,,,,,,,,,04/02/2020,,,,,,,,,,,,,,,,,,,BUS SHELTER 0188,,,,,,,,,,,,,,,THE AVENUE,,,,,,,,,,,FAREHAM,,,,,PO14 1PH,,,,,,,,,,,
10024854441,,,,,RD02,,,,,,,,,,04/02/2020,,,,,,,,,,,,,,,,,,,,,,,,,,,,,,,,,,BELL DAVIES ROAD,,,,,,,,,,,FAREHAM,,,,,PO14 2AY,,,,,,,,,,,
10024854443,,,,,RD06,,,,,,,,,,04/02/2020,,,,,,,,,,,,,,,,,,,CARISBROOKE COURT,,,,,,,,,,,,,,,NORTH SQUARE,,,,,,,,,,,KNOWLE,,,,,PO17 5FX,,,,,,,,,,,
10024854445,,,,,RD06,,,,,,,,,,04/02/2020,,,,,,,,,,,,,,,,,,,,,,,,,,,,,,,,,,CONSORT MEWS,,,,,,,,,,,KNOWLE,,,,,PO17 5FY,,,,,,,,,,,
10024854447,,,,,PS,,,,,,,,,,04/02/2020,,,,,,,,,,,,,,,,,,,STREET RECORD,,,,,,,,,,,,,,,WICOR PATH GREENWAYS,,,,,,,,,,,FAREHAM,,,,,PO16 9EN,,,,,,,,,,,
10024854449,,,,,RD02,,,,,,,,,,04/02/2020,,,,,,,,,,,,,,,,,,,,,,,,,,,,,,,,,,SUMMERLEIGH WALK,,,,,,,,,,,FAREHAM,,,,,PO14 2TG,,,,,,,,,,,
10024854451,,,,,MN,,,,,,,,,,04/02/2020,,,,,,,,,,,,,,,,,,,HMS COLLINGWOOD,,,,,,,,,,,,,,,NEWGATE LANE,,,,,,,,,,,FAREHAM,,,,,PO14 1AS,,,,,,,,,,,
10024854453,,,,,RD04,,,,,,,,,,04/02/2020,,,,,,,,,,,,,,,,,,,HIGHBANK,,,,,,,,,,,,,,,SHRIPNEY ROAD,,,,,,,,,,,BOGNOR REGIS,,,,,PO22 9PW,,,,,,,,,,,
10024854455,,,,,PS,,,,,,,,,,04/02/2020,,,,,,,,,,,,,,,,,,,STREET RECORD,,,,,,,,,,,,,,,WHEATLANDS (LINK) FOOTPATH,,,,,,,,,,,SOUTHAMPTON,,,,,PO14 4SL,,,,,,,,,,,
10024854457,,,,,RG02,,,,,,,,,,04/02/2020,,,,,,,,,,,,,,,,,,,,,,,,,,,,,,,,,,WALTHAM CLOSE,,,,,,,,,,,FAREHAM,,,,,PO16 8EG,,,,,,,,,,,
10024854459,,,,,PS,,,,,,,,,,04/02/2020,,,,,,,,,,,,,,,,,,,STREET RECORD,,,,,,,,,,,,,,,WARSASH ROAD,,,,,,,,,,,FAREHAM,,,,,PO14 4RH,,,,,,,,,,,
10024854461,,,,,RD04,,,,,,,,,,04/02/2020,,,,,,,,,,,,,,,,,,,,,,,,,,,,,,,,,,THYME AVENUE,,,,,,,,,,,WHITELEY,,,,,PO15 7GJ,,,,,,,,,,,
10024854463,,,,,RD06,,,,,,,,,,04/02/2020,,,,,,,,,,,,,,,,,,,LENTHALL HOUSE,,,,,,,,,,,,,,,CHURCHILL GARDENS ESTATE,,,,,,,,,,,LONDON,,,,,SW1V 3BB,,,,,,,,,,,
10024854465,,,,,RD06,,,,,,,,,,04/02/2020,,,,,,,,,,,,,,,,,,,,,,,,,,,,,,,,,,ECCLESTON SQUARE,,,,,,,,,,,LONDON,,,,,SW1V 1PP,,,,,,,,,,,
10024854467,,,,,RD06,,,,,,,,,,04/02/2020,,,,,,,,,,,,,,,,,,,,,,,,,,,,,,,,,,PALFREY PLACE,,,,,,,,,,,LONDON,,,,,SW8 1PE,,,,,,,,,,,
10024854469,,,,,RD06,,,,,,,,,,04/02/2020,,,,,,,,,,,,,,,,,,,,,,,,,,,,,,,,,,FERNDALE ROAD,,,,,,,,,,,LONDON,,,,,SW9 8AT,,,,,,,,,,,
10024854471,,,,,RD06,,,,,,,,,,04/02/2020,,,,,,,,,,,,,,,,,,,DOVET COURT,,,,,,,,,,,,,,,MURSELL ESTATE,,,,,,,,,,,LONDON,,,,,SW8 1HR,,,,,,,,,,,
10024854473,,,,,PS,,,,,,,,,,04/02/2020,,,,,,,,,,,,,,,,,,,STREET RECORD,,,,,,,,,,,,,,,KELMAN CLOSE,,,,,,,,,,,LONDON,,,,,SW4 6JE,,,,,,,,,,,
10024854475,,,,,RD06,,,,,,,,,,04/02/2020,,,,,,,,,,,,,,,,,,,,,,,,,,,,,,,,,,TULSE HILL,,,,,,,,,,,LONDON,,,,,SW2 3BU,,,,,,,,,,,
10024854477,,,,,PS,,,,,,,,,,04/02/2020,,,,,,,,,,,,,,,,,,,STREET RECORD,,,,,,,,,,,,,,,PENSBURY STREET,,,,,,,,,,,LONDON,,,,,SW8 2XP,,,,,,,,,,,
10024854479,,,,,RD,,,,,,,,,,04/02/2020,,,,,,,,,,,,,,,,,,,,,,,,,,,,,,,,,,CULZEAN ROAD,,,,,,,,,,,MAYBOLE,,,,,KA19 8AH,,,,,,,,,,,
10024854481,,,,,RD,,,,,,,,,,04/02/2020,,,,,,,,,,,,,,,,,,,141 PIERSLAND MEWS,,,,,,,,,,,,,,,BENTINCK DRIVE,,,,,,,,,,,TROON,,,,,KA10 6JT,,,,,,,,,,,
10024854483,,,,,RD,,,,,,,,,,04/02/2020,,,,,,,,,,,,,,,,,,,,,,,,,,,,,,,,,,FULLARTON STREET,,,,,,,,,,,AYR,,,,,KA7 1UB,,,,,,,,,,,
10024854485,,,,,RD,,,,,,,,,,04/02/2020,,,,,,,,,,,,,,,,,,,,,,,,,,,,,,,,,,MILTON CRESCENT,,,,,,,,,,,TROON,,,,,KA10 7LS,,,,,,,,,,,
10024854487,,,,,RD,,,,,,,,,,04/02/2020,,,,,,,,,,,,,,,,,,,,,,,,,,,,,,,,,,ROBSLAND AVENUE,,,,,,,,,,,AYR,,,,,KA7 2RW,,,,,,,,,,,
10024854489,,,,,RD,,,,,,,,,,04/02/2020,,,,,,,,,,,,,,,,,,,,,,,,,,,,,,,,,,HICKS AVENUE,,,,,,,,,,,MAYBOLE,,,,,KA19 7ED,,,,,,,,,,,
10024854491,,,,,RD,,,,,,,,,,04/02/2020,,,,,,,,,,,,,,,,,,,,,,,,,,,,,,,,,,COLLENAN AVENUE,,,,,,,,,,,LOANS,,,,,KA10 7HE,,,,,,,,,,,
10024854493,,,,,RD,,,,,,,,,,04/02/2020,,,,,,,,,,,,,,,,,,,,,,,,,,,,,,,,,,DUNDONALD ROAD,,,,,,,,,,,TROON,,,,,KA10 6NP,,,,,,,,,,,
10024854495,,,,,RD,,,,,,,,,,04/02/2020,,,,,,,,,,,,,,,,,,,,,,,,,,,,,,,,,,FULLARTON ROAD,,,,,,,,,,,PRESTWICK,,,,,KA9 2BX,,,,,,,,,,,
10024854497,,,,,CR10,,,,,,,,,,04/02/2020,,,,,,,,,,,,,,,,,,,,,,,,,,,,,,,,,,HIGH STREET,,,,,,,,,,,AYR,,,,,KA7 1RB,,,,,,,,,,,
10024854499,,,,,RD,,,,,,,,,,04/02/2020,,,,,,,,,,,,,,,,,,,,,,,,,,,,,,,,,,SOUTH HARBOUR STREET,,,,,,,,,,,AYR,,,,,KA7 1JB,,,,,,,,,,,
10024854501,,,,,RD04,,,,,,,,,,04/02/2020,,,,,,,,,,,,,,,,,,,,,,,,,,,,,,,,,,BLACKFORD CRESCENT,,,,,,,,,,,PRESTWICK,,,,,KA9 2LZ,,,,,,,,,,,
10024854503,,,,,RD,,,,,,,,,,04/02/2020,,,,,,,,,,,,,,,,,,,,,,,,,,,,,,,,,,DUKE TERRACE,,,,,,,,,,,AYR,,,,,KA8 8JA,,,,,,,,,,,
10024854505,,,,,RD,,,,,,,,,,04/02/2020,,,,,,,,,,,,,,,,,,,,,,,,,,,,,,,,,,GORDON TERRACE,,,,,,,,,,,AYR,,,,,KA8 0EF,,,,,,,,,,,
10024854507,,,,,RD,,,,,,,,,,04/02/2020,,,,,,,,,,,,,,,,,,,,,,,,,,,,,,,,,,WILSON STREET,,,,,,,,,,,AYR,,,,,KA8 9LS,,,,,,,,,,,
10024854509,,,,,RD,,,,,,,,,,04/02/2020,,,,,,,,,,,,,,,,,,,,,,,,,,,,,,,,,,PENKILL ROAD,,,,,,,,,,,GIRVAN,,,,,KA26 9EG,,,,,,,,,,,
10024854511,,,,,RD,,,,,,,,,,04/02/2020,,,,,,,,,,,,,,,,,,,,,,,,,,,,,,,,,,HAYHILL,,,,,,,,,,,AYR,,,,,KA8 0SL,,,,,,,,,,,
10024854513,,,,,RD,,,,,,,,,,04/02/2020,,,,,,,,,,,,,,,,,,,,,,,,,,,,,,,,,,ROBERTSON CRESCENT,,,,,,,,,,,AYR,,,,,KA8 0SN,,,,,,,,,,,
10024854515,,,,,PS,,,,,,,,,,04/02/2020,,,,,,,,,,,,,,,,,,,STREET RECORD,,,,,,,,,,,,,,,HILLHEAD,,,,,,,,,,,COYLTON,,,,,KA6 6JT,,,,,,,,,,,
10024854517,,,,,RD,,,,,,,,,,04/02/2020,,,,,,,,,,,,,,,,,,,,,,,,,,,,,,,,,,KILNFORD CRESCENT,,,,,,,,,,,DUNDONALD,,,,,KA2 9DN,,,,,,,,,,,
10024854519,,,,,RD02,,,,,,,,,,04/02/2020,,,,,,,,,,,,,,,,,,,,,,,,,,,,,,,,,,FOSTER CRESCENT,,,,,,,,,,,TROON,,,,,KA10 7FE,,,,,,,,,,,
10024854521,,,,,RD,,,,,,,,,,04/02/2020,,,,,,,,,,,,,,,,,,,,,,,,,,,,,,,,,,GALLOWHILL AVENUE,,,,,,,,,,,MAYBOLE,,,,,KA19 8BX,,,,,,,,,,,
10024854523,,,,,RD,,,,,,,,,,04/02/2020,,,,,,,,,,,,,,,,,,,,,,,,,,,,,,,,,,GARDEN STREET,,,,,,,,,,,TARBOLTON,,,,,KA5 5QY,,,,,,,,,,,
10024854525,,,,,CR,,,,,,,,,,04/02/2020,,,,,,,,,,,,,,,,,,,,,,,,,,,,,,,,,,ALLOWAY PLACE,,,,,,,,,,,AYR,,,,,KA7 2AA,,,,,,,,,,,
10024854527,,,,,CR08,,,,,,,,,,04/02/2020,,,,,,,,,,,,,,,,,,,UNIT 3,,,,,,,,,,,,,,,BACK PEEBLES STREET,,,,,,,,,,,AYR,,,,,KA8 8DT,,,,,,,,,,,
10024854529,,,,,RD,,,,,,,,,,04/02/2020,,,,,,,,,,,,,,,,,,,,,,,,,,,,,,,,,,BROOMFIELD GARDEN,,,,,,,,,,,AYR,,,,,KA7 2SR,,,,,,,,,,,
10024854531,,,,,RD,,,,,,,,,,04/02/2020,,,,,,,,,,,,,,,,,,,,,,,,,,,,,,,,,,ROBSLAND AVENUE,,,,,,,,,,,AYR,,,,,KA7 2RW,,,,,,,,,,,
10024854533,,,,,PS,,,,,,,,,,04/02/2020,,,,,,,,,,,,,,,,,,,STREET RECORD,,,,,,,,,,,,,,,KYLE STREET,,,,,,,,,,,PRESTWICK,,,,,KA9 1PQ,,,,,,,,,,,
10024854535,,,,,RD02,,,,,,,,,,04/02/2020,,,,,,,,,,,,,,,,,,,HIGH ST MURRAY,,,,,,,,,,,,,,,B7024 FROM HIGH MAYBOLE ROAD AYR TO ALLOWAY ROAD MAYBOLE,,,,,,,,,,,AYR,,,,,KA19 8DQ,,,,,,,,,,,
10024854537,,,,,RD03,,,,,,,,,,04/02/2020,,,,,,,,,,,,,,,,,,,,,,,,,,,,,,,,,,SQUIRREL WALK,,,,,,,,,,,SYMINGTON,,,,,KA1 5SL,,,,,,,,,,,
10024854539,,,,,RD,,,,,,,,,,04/02/2020,,,,,,,,,,,,,,,,,,,,,,,,,,,,,,,,,,CRAIGIE WAY,,,,,,,,,,,AYR,,,,,KA8 0HG,,,,,,,,,,,
10024854541,,,,,RD,,,,,,,,,,04/02/2020,,,,,,,,,,,,,,,,,,,,,,,,,,,,,,,,,,NORTH SHORE ROAD,,,,,,,,,,,TROON,,,,,KA10 6QT,,,,,,,,,,,
10024854543,,,,,RD,,,,,,,,,,04/02/2020,,,,,,,,,,,,,,,,,,,,,,,,,,,,,,,,,,LODGE ROAD,,,,,,,,,,,TURNBERRY,,,,,KA26 9LX,,,,,,,,,,,
10024854545,,,,,RD,,,,,,,,,,04/02/2020,,,,,,,,,,,,,,,,,,,,,,,,,,,,,,,,,,CROSBIE COURT,,,,,,,,,,,TROON,,,,,KA10 6ES,,,,,,,,,,,
10024854547,,,,,RD,,,,,,,,,,04/02/2020,,,,,,,,,,,,,,,,,,,,,,,,,,,,,,,,,,DEVERON ROAD,,,,,,,,,,,TROON,,,,,KA10 7EG,,,,,,,,,,,
10024854549,,,,,RD,,,,,,,,,,04/02/2020,,,,,,,,,,,,,,,,,,,,,,,,,,,,,,,,,,FULLARTON CRESCENT,,,,,,,,,,,TROON,,,,,KA10 6LL,,,,,,,,,,,
10024854551,,,,,RD02,,,,,,,,,,04/02/2020,,,,,,,,,,,,,,,,,,,,,,,,,,,,,,,,,,GREENFIELD AVENUE,,,,,,,,,,,AYR,,,,,KA7 4NW,,,,,,,,,,,
10024854553,,,,,RD06,,,,,,,,,,04/02/2020,,,,,,,,,,,,,,,,,,,,,,,,,,,,,,,,,,GLENDALE CRESCENT,,,,,,,,,,,AYR,,,,,KA7 3SE,,,,,,,,,,,
10024854555,,,,,RD,,,,,,,,,,04/02/2020,,,,,,,,,,,,,,,,,,,,,,,,,,,,,,,,,,CALEDONIA ROAD,,,,,,,,,,,AYR,,,,,KA7 3HU,,,,,,,,,,,
10024854557,,,,,RD,,,,,,,,,,04/02/2020,,,,,,,,,,,,,,,,,,,,,,,,,,,,,,,,,,REEDLOCH DRIVE,,,,,,,,,,,TROON,,,,,KA10 6UU,,,,,,,,,,,
10024854559,,,,,RD,,,,,,,,,,04/02/2020,,,,,,,,,,,,,,,,,,,,,,,,,,,,,,,,,,NURSERY HALL,,,,,,,,,,,AYR,,,,,KA8 0LN,,,,,,,,,,,
10024854561,,,,,RD,,,,,,,,,,04/02/2020,,,,,,,,,,,,,,,,,,,,,,,,,,,,,,,,,,BELVIDERE TERRACE,,,,,,,,,,,AYR,,,,,KA8 8JB,,,,,,,,,,,
10024854563,,,,,RD04,,,,,,,,,,04/02/2020,,,,,,,,,,,,,,,,,,,,,,,,,,,,,,,,,,DUNLOP TERRACE,,,,,,,,,,,MAYBOLE,,,,,KA19 7AP,,,,,,,,,,,
10024854565,,,,,RD,,,,,,,,,,04/02/2020,,,,,,,,,,,,,,,,,,,,,,,,,,,,,,,,,,KIRKWYND,,,,,,,,,,,MAYBOLE,,,,,KA19 7AE,,,,,,,,,,,
10024854567,,,,,RD,,,,,,,,,,04/02/2020,,,,,,,,,,,,,,,,,,,,,,,,,,,,,,,,,,TAM'S BRIG,,,,,,,,,,,AYR,,,,,KA8 8DF,,,,,,,,,,,
10024854569,,,,,RD,,,,,,,,,,04/02/2020,,,,,,,,,,,,,,,,,,,,,,,,,,,,,,,,,,GRANGEMUIR COURT,,,,,,,,,,,PRESTWICK,,,,,KA9 1GA,,,,,,,,,,,
10024854571,,,,,RD,,,,,,,,,,04/02/2020,,,,,,,,,,,,,,,,,,,,,,,,,,,,,,,,,,SLOAN AVENUE,,,,,,,,,,,MOSSBLOWN,,,,,KA6 5DH,,,,,,,,,,,
10024854573,,,,,RD,,,,,,,,,,04/02/2020,,,,,,,,,,,,,,,,,,,,,,,,,,,,,,,,,,THE LOANING,,,,,,,,,,,AYR,,,,,KA7 4QL,,,,,,,,,,,
10024854575,,,,,RD,,,,,,,,,,04/02/2020,,,,,,,,,,,,,,,,,,,PIERHILL COTTAGE,,,,,,,,,,,,,,,U91 FROM B730 JUNCTION NEAR STAIR TO B744 JUNCTION NEAR COMMONSIDE,,,,,,,,,,,ANNBANK,,,,,KA6 5AW,,,,,,,,,,,
10024854577,,,,,RD,,,,,,,,,,04/02/2020,,,,,,,,,,,,,,,,,,,,,,,,,,,,,,,,,,LANGLANDS DRIVE,,,,,,,,,,,TARBOLTON,,,,,KA5 5QR,,,,,,,,,,,
10024854579,,,,,RD,,,,,,,,,,04/02/2020,,,,,,,,,,,,,,,,,,,,,,,,,,,,,,,,,,DOWHILL ROAD,,,,,,,,,,,GIRVAN,,,,,KA26 0BT,,,,,,,,,,,
10024854581,,,,,RD,,,,,,,,,,04/02/2020,,,,,,,,,,,,,,,,,,,,,,,,,,,,,,,,,,VICARTON STREET,,,,,,,,,,,GIRVAN,,,,,KA26 9HF,,,,,,,,,,,
10024854583,,,,,RD,,,,,,,,,,04/02/2020,,,,,,,,,,,,,,,,,,,,,,,,,,,,,,,,,,SPALLANDER ROAD,,,,,,,,,,,TROON,,,,,KA10 7JY,,,,,,,,,,,
10024854585,,,,,RD,,,,,,,,,,04/02/2020,,,,,,,,,,,,,,,,,,,DOUGHTY FARM,,,,,,,,,,,,,,,U27 FROM B741 JUNCTION AT CLOYNTIE TO U66 JUNCTION AT SOUTH BALLOCH,,,,,,,,,,,MAYBOLE,,,,,KA26 9UA,,,,,,,,,,,
10024854587,,,,,RD,,,,,,,,,,04/02/2020,,,,,,,,,,,,,,,,,,,,,,,,,,,,,,,,,,MAIN STREET,,,,,,,,,,,PRESTWICK,,,,,KA9 1PB,,,,,,,,,,,
10024854589,,,,,RD,,,,,,,,,,04/02/2020,,,,,,,,,,,,,,,,,,,,,,,,,,,,,,,,,,ORCHARD AVENUE,,,,,,,,,,,AYR,,,,,KA7 3EH,,,,,,,,,,,
10024854591,,,,,RD,,,,,,,,,,04/02/2020,,,,,,,,,,,,,,,,,,,,,,,,,,,,,,,,,,FIDDISON PLACE,,,,,,,,,,,PRESTWICK,,,,,KA9 2TJ,,,,,,,,,,,
10024854593,,,,,RD,,,,,,,,,,04/02/2020,,,,,,,,,,,,,,,,,,,,,,,,,,,,,,,,,,PHILIP SQUARE,,,,,,,,,,,AYR,,,,,KA8 8EL,,,,,,,,,,,
10024854595,,,,,RD,,,,,,,,,,04/02/2020,,,,,,,,,,,,,,,,,,,,,,,,,,,,,,,,,,PRESTWICK ROAD,,,,,,,,,,,AYR,,,,,KA8 8NP,,,,,,,,,,,
10024854597,,,,,CA01,,,,,,,,,,04/02/2020,,,,,,,,,,,,,,,,,,,THREE THORNS FARM,,,,,,,,,,,,,,,U68 FROM B741 JUNCTION SOUTH VIA THREEHORNS TO U43 JUNCTION AT DYKE,,,,,,,,,,,STRAITON,,,,,KA19 7QR,,,,,,,,,,,
10024854599,,,,,RD,,,,,,,,,,04/02/2020,,,,,,,,,,,,,,,,,,,,,,,,,,,,,,,,,,DOONVALE DRIVE,,,,,,,,,,,AYR,,,,,KA6 6EF,,,,,,,,,,,
10024854601,,,,,RD,,,,,,,,,,04/02/2020,,,,,,,,,,,,,,,,,,,,,,,,,,,,,,,,,,THE AVENUE,,,,,,,,,,,GIRVAN,,,,,KA26 9DT,,,,,,,,,,,
10024854603,,,,,RD,,,,,,,,,,04/02/2020,,,,,,,,,,,,,,,,,,,,,,,,,,,,,,,,,,CORSEHILL CRESCENT,,,,,,,,,,,COYLTON,,,,,KA6 6LA,,,,,,,,,,,
10024854605,,,,,RD,,,,,,,,,,04/02/2020,,,,,,,,,,,,,,,,,,,,,,,,,,,,,,,,,,MCCOLGAN PLACE,,,,,,,,,,,AYR,,,,,KA8 9PU,,,,,,,,,,,
10024854607,,,,,RD,,,,,,,,,,04/02/2020,,,,,,,,,,,,,,,,,,,,,,,,,,,,,,,,,,TROWEIR ROAD,,,,,,,,,,,GIRVAN,,,,,KA26 9EA,,,,,,,,,,,
10024854609,,,,,PS,,,,,,,,,,04/02/2020,,,,,,,,,,,,,,,,,,,STREET RECORD,,,,,,,,,,,,,,,LUGAR PLACE,,,,,,,,,,,TROON,,,,,KA10 7EA,,,,,,,,,,,
10024854611,,,,,PS,,,,,,,,,,04/02/2020,,,,,,,,,,,,,,,,,,,STREET RECORD,,,,,,,,,,,,,,,HOUSING FOOTPATH FROM REAR OF 30 KINCAIDSTON DRIVE TO REAR OF 34 GORSE PARK,,,,,,,,,,,AYR,,,,,KA7 3XW,,,,,,,,,,,
10024854613,,,,,PS,,,,,,,,,,04/02/2020,,,,,,,,,,,,,,,,,,,STREET RECORD,,,,,,,,,,,,,,,WEST CRESCENT,,,,,,,,,,,TROON,,,,,KA10 7BL,,,,,,,,,,,
10024854615,,,,,R,,,,,,,,,,04/02/2020,,,,,,,,,,,,,,,,,,,,,,,,,,,,,,,,,,PORTLAND STREET,,,,,,,,,,,TROON,,,,,KA10 6EA,,,,,,,,,,,
10024854617,,,,,RD06,,,,,,,,,,04/02/2020,,,,,,,,,,,,,,,,,,,,,,,,,,,,,,,,,,PEEBLES COURT,,,,,,,,,,,AYR,,,,,KA8 8BF,,,,,,,,,,,
10024854619,,,,,RD,,,,,,,,,,04/02/2020,,,,,,,,,,,,,,,,,,,,,,,,,,,,,,,,,,CHESTNUT DRIVE,,,,,,,,,,,GIRVAN,,,,,KA26 0DA,,,,,,,,,,,
10024854621,,,,,RD,,,,,,,,,,04/02/2020,,,,,,,,,,,,,,,,,,,,,,,,,,,,,,,,,,LINDEN AVENUE,,,,,,,,,,,GIRVAN,,,,,KA26 0BU,,,,,,,,,,,
10024854623,,,,,RD,,,,,,,,,,04/02/2020,,,,,,,,,,,,,,,,,,,,,,,,,,,,,,,,,,GEORGE PLACE,,,,,,,,,,,AYR,,,,,KA7 4NZ,,,,,,,,,,,
10024854625,,,,,PS,,,,,,,,,,04/02/2020,,,,,,,,,,,,,,,,,,,STREET RECORD,,,,,,,,,,,,,,,FOOTPATH FROM SOUTH OF 32 SPRINGFIELD ROAD TO NORTH EAST OF 38 SPRINGFIELD ROAD,,,,,,,,,,,TARBOLTON,,,,,KA5 5QX,,,,,,,,,,,
10024854627,,,,,PS,,,,,,,,,,04/02/2020,,,,,,,,,,,,,,,,,,,STREET RECORD,,,,,,,,,,,,,,,HOUSING FOOTPATH FROM EAST OF 27 BLACKFORD CRESCENT TO SOUTH OF 29 BLACKFORD CRESCENT,,,,,,,,,,,PRESTWICK,,,,,KA9 2LZ,,,,,,,,,,,
10024854629,,,,,RD01,,,,,,,,,,04/02/2020,,,,,,,,,,,,,,,,,,,CROFTHEAD CARAVAN PARK,,,,,,,,,,,,,,,C74 FROM B742 NORTH EAST OF BOWMANSTON - A70 AT OLD TOLL,,,,,,,,,,,AYR,,,,,KA6 6EN,,,,,,,,,,,
10024854631,,,,,CH03,,,,,,,,,,04/02/2020,,,,,,,,,,,,,,,,,,,MALIN COURT,,,,,,,,,,,,,,,TURNBERRY ROAD,,,,,,,,,,,MAIDENS,,,,,KA26 9PB,,,,,,,,,,,
10024854633,,,,,RD,,,,,,,,,,04/02/2020,,,,,,,,,,,,,,,,,,,,,,,,,,,,,,,,,,KIRKOSWALD ROAD,,,,,,,,,,,MAYBOLE,,,,,KA19 7DX,,,,,,,,,,,
10024854635,,,,,RD02,,,,,,,,,,04/02/2020,,,,,,,,,,,,,,,,,,,,,,,,,,,,,,,,,,GREENFIELD AVENUE,,,,,,,,,,,AYR,,,,,KA7 4NW,,,,,,,,,,,
10024854637,,,,,RD,,,,,,,,,,04/02/2020,,,,,,,,,,,,,,,,,,,,,,,,,,,,,,,,,,RIVER STREET,,,,,,,,,,,AYR,,,,,KA8 0AX,,,,,,,,,,,
10024854639,,,,,RD,,,,,,,,,,04/02/2020,,,,,,,,,,,,,,,,,,,,,,,,,,,,,,,,,,LEVEN ROAD,,,,,,,,,,,TROON,,,,,KA10 7DX,,,,,,,,,,,
10024854641,,,,,RD,,,,,,,,,,04/02/2020,,,,,,,,,,,,,,,,,,,,,,,,,,,,,,,,,,GEORGE SQUARE,,,,,,,,,,,AYR,,,,,KA8 0AG,,,,,,,,,,,
10024854643,,,,,RD,,,,,,,,,,04/02/2020,,,,,,,,,,,,,,,,,,,,,,,,,,,,,,,,,,MARYFIELD PLACE,,,,,,,,,,,AYR,,,,,KA8 9DH,,,,,,,,,,,
10024854645,,,,,RD,,,,,,,,,,04/02/2020,,,,,,,,,,,,,,,,,,,,,,,,,,,,,,,,,,ETTRICK PLACE,,,,,,,,,,,AYR,,,,,KA8 9HH,,,,,,,,,,,
10024854647,,,,,RD,,,,,,,,,,04/02/2020,,,,,,,,,,,,,,,,,,,HILLHOUSE HOUSE,,,,,,,,,,,,,,,U78 FROM A759 JUNCTION AT LAIGH HILLHOUSE TO JUNCTION WITH ROAD LEADING TO CHAPELHILL COTTAGES,,,,,,,,,,,TROON,,,,,KA10 7HU,,,,,,,,,,,
10024854649,,,,,RD,,,,,,,,,,04/02/2020,,,,,,,,,,,,,,,,,,,,,,,,,,,,,,,,,,BLACKFRIARS WALK,,,,,,,,,,,AYR,,,,,KA7 1TT,,,,,,,,,,,
10024854651,,,,,RD04,,,,,,,,,,04/02/2020,,,,,,,,,,,,,,,,,,,,,,,,,,,,,,,,,,GARDINER STREET,,,,,,,,,,,PRESTWICK,,,,,KA9 1JY,,,,,,,,,,,
10024854653,,,,,RD,,,,,,,,,,04/02/2020,,,,,,,,,,,,,,,,,,,,,,,,,,,,,,,,,,SAUNTERNE ROAD,,,,,,,,,,,PRESTWICK,,,,,KA9 2JQ,,,,,,,,,,,
10024854655,,,,,RD,,,,,,,,,,04/02/2020,,,,,,,,,,,,,,,,,,,,,,,,,,,,,,,,,,GORDON TERRACE,,,,,,,,,,,AYR,,,,,KA8 0EX,,,,,,,,,,,
10024854657,,,,,RD,,,,,,,,,,04/02/2020,,,,,,,,,,,,,,,,,,,KYLE COURT,,,,,,,,,,,,,,,SMITH STREET,,,,,,,,,,,AYR,,,,,KA7 3AW,,,,,,,,,,,
10024854659,,,,,RD,,,,,,,,,,04/02/2020,,,,,,,,,,,,,,,,,,,,,,,,,,,,,,,,,,ANNBANK ROAD,,,,,,,,,,,MOSSBLOWN,,,,,KA6 5DZ,,,,,,,,,,,
10024854661,,,,,RD,,,,,,,,,,04/02/2020,,,,,,,,,,,,,,,,,,,,,,,,,,,,,,,,,,ST BRIDES WAY,,,,,,,,,,,COYLTON,,,,,KA6 6QG,,,,,,,,,,,
10024854663,,,,,RD02,,,,,,,,,,04/02/2020,,,,,,,,,,,,,,,,,,,,,,,,,,,,,,,,,,CANGILLAN COURT,,,,,,,,,,,PRESTWICK,,,,,KA9 2EN,,,,,,,,,,,
10024854665,,,,,RD03,,,,,,,,,,04/02/2020,,,,,,,,,,,,,,,,,,,,,,,,,,,,,,,,,,AUCHINCRUIVE AVENUE,,,,,,,,,,,PRESTWICK,,,,,KA9 2DT,,,,,,,,,,,
10024854667,,,,,RD,,,,,,,,,,04/02/2020,,,,,,,,,,,,,,,,,,,,,,,,,,,,,,,,,,MCADAM COURT,,,,,,,,,,,PRESTWICK,,,,,KA9 2NB,,,,,,,,,,,
10024854669,,,,,RD,,,,,,,,,,04/02/2020,,,,,,,,,,,,,,,,,,,MACKAILSTON BUNGALOW,,,,,,,,,,,,,,,KING STREET,,,,,,,,,,,CROSSHILL,,,,,KA19 7PT,,,,,,,,,,,
10024854671,,,,,PS,,,,,,,,,,04/02/2020,,,,,,,,,,,,,,,,,,,STREET RECORD,,,,,,,,,,,,,,,FOOTPATH FROM SOUTH OF 31 MOUNT AVENUE TO WEST OF 1 LAWHILL ROAD,,,,,,,,,,,SYMINGTON,,,,,KA1 5RU,,,,,,,,,,,
10024854673,,,,,PS,,,,,,,,,,04/02/2020,,,,,,,,,,,,,,,,,,,STREET RECORD,,,,,,,,,,,,,,,MCCRAE COURT,,,,,,,,,,,MAYBOLE,,,,,KA19 8BU,,,,,,,,,,,
10024854675,,,,,RD,,,,,,,,,,04/02/2020,,,,,,,,,,,,,,,,,,,,,,,,,,,,,,,,,,BOURTREEHALL,,,,,,,,,,,GIRVAN,,,,,KA26 9EN,,,,,,,,,,,
10024854677,,,,,RD04,,,,,,,,,,04/02/2020,,,,,,,,,,,,,,,,,,,,,,,,,,,,,,,,,,POPPY BANK TERRACE,,,,,,,,,,,AYR,,,,,KA7 3ZA,,,,,,,,,,,
10024854679,,,,,RD,,,,,,,,,,04/02/2020,,,,,,,,,,,,,,,,,,,,,,,,,,,,,,,,,,MCCALLS AVENUE,,,,,,,,,,,AYR,,,,,KA8 9AA,,,,,,,,,,,
10024854681,,,,,PS,,,,,,,,,,04/02/2020,,,,,,,,,,,,,,,,,,,STREET RECORD,,,,,,,,,,,,,,,ACCESS ROAD TO QUEEN MARGARET ACADEMY,,,,,,,,,,,AYR,,,,,KA7 3TF,,,,,,,,,,,
10024854683,,,,,PS,,,,,,,,,,04/02/2020,,,,,,,,,,,,,,,,,,,STREET RECORD,,,,,,,,,,,,,,,AKESMORE LANE,,,,,,,,,,,BIDDULPH,,,,,ST8 6RT,,,,,,,,,,,
10024854684,,,,,CO01,,,,,,,,,,04/02/2020,,,,,,,,,,,,,,,,,,,THE GOODS SHED,,,,,,,,,,,,,,,NEWPORT ROAD,,,,,,,,,,,STAFFORD,,,,,ST16 1AA,,,,,,,,,,,
10024854685,,,,,CO01,,,,,,,,,,04/02/2020,,,,,,,,,,,,,,,,,,,STRAFFORD DELIVERY OFFICE,,,,,,,,,,,,,,,NEWPORT ROAD,,,,,,,,,,,STAFFORD,,,,,ST16 1AA,,,,,,,,,,,
10024854686,,,,,CO01,,,,,,,,,,04/02/2020,,,,,,,,,,,,,,,,,,,,,,,,,,,,,,,,,,10 Sidings Way,,,,,,,,,,,Dunstable,,,,,LU6 1GQ,,,,,,,,,,,